model_number,fit_status,layer_index,reuse_factor,correct_reuse_factor_lstm_latency,n_inputs_latency,sequence_length_latency,reuse_factor_1,n_inputs_latency_1,lstm_size,latency_min,latency_max
43117,Not Fit,14,1,1,16,8,1,16,8,209,209
22561,Not Fit,15,2,2,8,8,2,8,8,201,209
19926,Not Fit,15,2,2,8,16,2,8,8,401,417
32945,Not Fit,14,2,2,16,8,2,16,8,257,265
39428,Not Fit,14,2,2,16,8,2,16,16,257,265
22557,Not Fit,14,2,2,16,8,2,16,8,257,265
19922,Not Fit,14,2,2,16,16,2,16,8,513,529
38231,Not Fit,15,4,4,8,8,4,8,8,217,225
48749,Not Fit,15,4,4,8,16,4,8,8,433,449
12510,Not Fit,15,4,4,8,32,4,8,8,865,897
19508,Not Fit,14,4,4,16,8,4,16,8,265,273
15726,Not Fit,14,4,4,16,8,4,16,16,265,273
41655,Not Fit,14,4,4,16,8,4,16,32,265,273
3414,Not Fit,14,4,4,16,8,4,16,8,265,273
17779,Not Fit,15,4,4,16,8,4,16,16,265,273
27400,Not Fit,14,4,4,16,16,4,16,8,529,545
12463,Not Fit,14,4,4,16,16,4,16,16,529,545
48745,Not Fit,14,4,4,16,16,4,16,8,529,545
25536,Not Fit,15,4,4,16,16,4,16,16,529,545
12506,Not Fit,14,4,4,16,32,4,16,8,1057,1089
38229,Not Fit,14,4,4,32,8,4,32,8,385,393
32043,Not Fit,14,4,4,32,16,4,32,8,769,785
16329,Not Fit,8,4,4,32,32,4,32,8,1537,1569
672,Not Fit,15,16,16,8,8,16,8,8,321,329
2516,Not Fit,15,16,16,8,16,16,8,8,641,657
13290,Not Fit,15,16,16,8,32,16,8,8,1281,1313
4137,Not Fit,9,16,16,8,64,16,8,8,2561,2625
10276,Not Fit,9,16,16,8,128,16,8,8,5121,5249
27096,Not Fit,14,16,16,16,8,16,16,8,345,353
32991,Not Fit,14,16,16,16,8,16,16,16,340.2,348.2
3383,Not Fit,14,16,16,16,8,16,16,32,345,353
25196,Not Fit,14,16,16,16,8,16,16,8,353,361
18036,Not Fit,15,16,16,16,8,16,16,16,345,353
33546,Not Fit,14,16,16,16,8,16,16,32,345,353
42629,Not Fit,15,16,16,16,8,16,16,16,345,353
30395,Not Fit,14,16,16,16,16,16,16,8,689,705
2173,Not Fit,14,16,16,16,16,16,16,16,681,697
27545,Not Fit,14,16,16,16,16,16,16,32,689,705
22007,Not Fit,14,16,16,16,16,16,16,8,705,721
37625,Not Fit,15,16,16,16,16,16,16,16,689,705
19288,Not Fit,14,16,16,16,16,16,16,32,689,705
7472,Not Fit,15,16,16,16,16,16,16,16,689,705
28583,Not Fit,8,16,16,16,32,16,16,8,1377,1409
44986,Not Fit,8,16,16,16,32,16,16,16,1353,1385
13445,Not Fit,8,16,16,16,32,16,16,32,1377,1409
26338,Not Fit,8,16,16,16,32,16,16,8,1409,1441
14682,Not Fit,9,16,16,16,32,16,16,16,1377,1409
22033,Not Fit,8,16,16,16,32,16,16,32,1377,1409
37521,Not Fit,9,16,16,16,32,16,16,16,1377,1409
43760,Not Fit,14,16,16,16,32,16,16,8,1377,1409
5412,Not Fit,14,16,16,16,32,16,16,16,1355.66666666667,1387.66666666667
40659,Not Fit,14,16,16,16,32,16,16,32,1377,1409
48428,Not Fit,14,16,16,16,32,16,16,8,1409,1441
40443,Not Fit,15,16,16,16,32,16,16,16,1377,1409
6091,Not Fit,14,16,16,16,32,16,16,32,1377,1409
20975,Not Fit,15,16,16,16,32,16,16,16,1377,1409
17594,Not Fit,5,16,16,16,64,16,16,8,2781.44444444444,2845.44444444444
8283,Not Fit,6,16,16,16,64,16,16,16,2753,2817
45881,Not Fit,8,16,16,16,64,16,16,8,2753,2817
8013,Not Fit,8,16,16,16,64,16,16,16,2753,2817
23301,Not Fit,8,16,16,16,64,16,16,8,2817,2881
18249,Not Fit,9,16,16,16,64,16,16,16,2753,2817
29023,Not Fit,8,16,16,16,128,16,16,8,5569,5697
33544,Not Fit,15,16,16,32,8,16,32,32,409,417
8181,Not Fit,14,16,16,32,8,16,32,8,409,417
12439,Not Fit,14,16,16,32,8,16,32,16,411.666666666667,419.666666666667
41945,Not Fit,14,16,16,32,8,16,32,32,409,417
671,Not Fit,14,16,16,32,8,16,32,8,417,425
42628,Not Fit,14,16,16,32,8,16,32,16,417,425
13108,Not Fit,15,16,16,32,8,16,32,32,409,417
19287,Not Fit,15,16,16,32,16,16,32,32,817,833
6054,Not Fit,14,16,16,32,16,16,32,8,817,833
41788,Not Fit,14,16,16,32,16,16,32,16,825,841
6844,Not Fit,14,16,16,32,16,16,32,32,817,833
2515,Not Fit,14,16,16,32,16,16,32,8,833,849
7471,Not Fit,14,16,16,32,16,16,32,16,833,849
22032,Not Fit,9,16,16,32,32,16,32,32,1633,1665
9342,Not Fit,8,16,16,32,32,16,32,8,1633,1665
2320,Not Fit,8,16,16,32,32,16,32,16,1643.66666666667,1675.66666666667
37080,Not Fit,8,16,16,32,32,16,32,32,1633,1665
1952,Not Fit,8,16,16,32,32,16,32,8,1665,1697
37520,Not Fit,8,16,16,32,32,16,32,16,1665,1697
6090,Not Fit,15,16,16,32,32,16,32,32,1633,1665
20998,Not Fit,14,16,16,32,32,16,32,8,1633,1665
28854,Not Fit,14,16,16,32,32,16,32,16,1649,1681
13289,Not Fit,14,16,16,32,32,16,32,8,1665,1697
20974,Not Fit,14,16,16,32,32,16,32,16,1665,1697
41113,Not Fit,5,16,16,32,64,16,32,8,3289,3353
8282,Not Fit,5,16,16,32,64,16,32,16,3329,3393
7272,Not Fit,8,16,16,32,64,16,32,8,3265,3329
46110,Not Fit,8,16,16,32,64,16,32,16,3329,3393
4136,Not Fit,8,16,16,32,64,16,32,8,3329,3393
18248,Not Fit,8,16,16,32,64,16,32,16,3329,3393
10275,Not Fit,8,16,16,32,128,16,32,8,6614.33333333333,6742.33333333333
11455,Not Fit,15,32,32,8,8,32,8,8,449,457
13543,Not Fit,15,32,32,8,16,32,8,8,897,913
2345,Not Fit,15,32,32,8,32,32,8,8,1793,1825
15124,Not Fit,9,32,32,8,64,32,8,8,3585,3649
966,Not Fit,9,32,32,8,128,32,8,8,7169,7297
42699,Not Fit,14,32,32,16,8,32,16,8,481,489
22401,Not Fit,14,32,32,16,8,32,16,16,473,481
7596,Not Fit,14,32,32,16,8,32,16,32,474.6,482.6
36209,Fit,14,32,32,16,8,32,16,8,489,497
7090,Not Fit,15,32,32,16,8,32,16,16,481,489
23178,Not Fit,14,32,32,16,8,32,16,32,481,489
27022,Not Fit,15,32,32,16,8,32,16,16,481,489
43842,Not Fit,14,32,32,16,16,32,16,8,961,977
13239,Not Fit,14,32,32,16,16,32,16,16,951.4,967.4
38255,Not Fit,14,32,32,16,16,32,16,32,953,969
32554,Not Fit,14,32,32,16,16,32,16,8,977,993
38784,Not Fit,15,32,32,16,16,32,16,16,961,977
12557,Not Fit,14,32,32,16,16,32,16,32,961,977
18572,Not Fit,15,32,32,16,16,32,16,16,961,977
39075,Not Fit,8,32,32,16,32,32,16,8,1921,1953
31977,Not Fit,8,32,32,16,32,32,16,16,1901.8,1933.8
17830,Not Fit,8,32,32,16,32,32,16,32,1910.33333333333,1942.33333333333
37280,Not Fit,8,32,32,16,32,32,16,8,1953,1985
3770,Not Fit,9,32,32,16,32,32,16,16,1921,1953
31381,Not Fit,8,32,32,16,32,32,16,32,1921,1953
26570,Not Fit,9,32,32,16,32,32,16,16,1921,1953
28901,Not Fit,14,32,32,16,32,32,16,8,1921,1953
4203,Not Fit,14,32,32,16,32,32,16,16,1899.66666666667,1931.66666666667
34413,Not Fit,14,32,32,16,32,32,16,32,1910.33333333333,1942.33333333333
26655,Not Fit,14,32,32,16,32,32,16,8,1953,1985
30201,Not Fit,15,32,32,16,32,32,16,16,1921,1953
4849,Not Fit,14,32,32,16,32,32,16,32,1921,1953
9552,Not Fit,15,32,32,16,32,32,16,16,1921,1953
2601,Not Fit,5,32,32,16,64,32,16,8,3841,3905
13913,Not Fit,5,32,32,16,64,32,16,16,3809,3873
15552,Not Fit,5,32,32,16,64,32,16,8,3905,3969
1654,Not Fit,6,32,32,16,64,32,16,16,3841,3905
41626,Not Fit,8,32,32,16,64,32,16,8,3841,3905
1222,Not Fit,8,32,32,16,64,32,16,16,3798.33333333333,3862.33333333333
33753,Not Fit,8,32,32,16,64,32,16,8,3905,3969
13462,Not Fit,9,32,32,16,64,32,16,16,3841,3905
25598,Not Fit,8,32,32,16,128,32,16,8,7740.07692307692,7868.07692307692
23177,Not Fit,15,32,32,32,8,32,32,32,537,545
19319,Not Fit,14,32,32,32,8,32,32,8,537,545
1367,Not Fit,14,32,32,32,8,32,32,16,539.666666666667,547.666666666667
27675,Not Fit,14,32,32,32,8,32,32,32,533,541
11454,Not Fit,14,32,32,32,8,32,32,8,545,553
27021,Not Fit,14,32,32,32,8,32,32,16,545,553
1972,Not Fit,15,32,32,32,8,32,32,32,537,545
12556,Not Fit,15,32,32,32,16,32,32,32,1073,1089
17105,Not Fit,14,32,32,32,16,32,32,8,1073,1089
45598,Not Fit,14,32,32,32,16,32,32,16,1077.57142857143,1093.57142857143
2914,Not Fit,14,32,32,32,16,32,32,32,1063.4,1079.4
13542,Not Fit,14,32,32,32,16,32,32,8,1089,1105
18571,Not Fit,14,32,32,32,16,32,32,16,1089,1105
32390,Not Fit,15,32,32,32,16,32,32,32,1073,1089
31380,Not Fit,9,32,32,32,32,32,32,32,2145,2177
20792,Not Fit,8,32,32,32,32,32,32,8,2145,2177
8706,Not Fit,8,32,32,32,32,32,32,16,2153,2185
37877,Not Fit,8,32,32,32,32,32,32,32,2145,2177
9055,Fit,8,32,32,32,32,32,32,8,2177,2209
26569,Not Fit,8,32,32,32,32,32,32,16,2177,2209
4848,Not Fit,15,32,32,32,32,32,32,32,2145,2177
9649,Not Fit,14,32,32,32,32,32,32,8,2145,2177
24493,Not Fit,14,32,32,32,32,32,32,16,2157.8,2189.8
11856,Not Fit,14,32,32,32,32,32,32,32,2113,2145
2344,Not Fit,14,32,32,32,32,32,32,8,2177,2209
9551,Not Fit,14,32,32,32,32,32,32,16,2177,2209
43229,Not Fit,15,32,32,32,32,32,32,32,2145,2177
41397,Not Fit,5,32,32,32,64,32,32,8,4289,4353
36783,Not Fit,5,32,32,32,64,32,32,16,4321,4385
34614,Not Fit,5,32,32,32,64,32,32,8,4353,4417
1653,Not Fit,5,32,32,32,64,32,32,16,4353,4417
18312,Not Fit,8,32,32,32,64,32,32,8,4289,4353
22267,Not Fit,8,32,32,32,64,32,32,16,4310.33333333333,4374.33333333333
15123,Not Fit,8,32,32,32,64,32,32,8,4353,4417
13461,Not Fit,8,32,32,32,64,32,32,16,4353,4417
965,Not Fit,8,32,32,32,128,32,32,8,8641,8769
19240,Not Fit,15,64,64,8,8,64,8,8,705,713
17155,Not Fit,15,64,64,8,16,64,8,8,1409,1425
9580,Not Fit,15,64,64,8,32,64,8,8,2817,2849
18374,Not Fit,9,64,64,8,64,64,8,8,5633,5697
8474,Not Fit,9,64,64,8,128,64,8,8,11265,11393
33654,Not Fit,6,64,64,8,256,64,8,8,22529,22785
36163,Fit,14,64,64,16,8,64,16,8,737,745
30792,Not Fit,14,64,64,16,8,64,16,16,737,745
4406,Not Fit,14,64,64,16,8,64,16,32,738.6,746.6
42652,Fit,14,64,64,16,8,64,16,8,745,753
5060,Not Fit,15,64,64,16,8,64,16,16,737,745
30029,Not Fit,14,64,64,16,8,64,16,32,745,753
25303,Not Fit,15,64,64,16,8,64,16,16,737,745
46028,Not Fit,14,64,64,16,16,64,16,8,1473,1489
21159,Fit,14,64,64,16,16,64,16,16,1473,1489
36500,Not Fit,14,64,64,16,16,64,16,32,1482.6,1498.6
40631,Fit,14,64,64,16,16,64,16,8,1489,1505
35607,Not Fit,15,64,64,16,16,64,16,16,1473,1489
21661,Not Fit,14,64,64,16,16,64,16,32,1489,1505
14749,Not Fit,15,64,64,16,16,64,16,16,1473,1489
37257,Not Fit,8,64,64,16,32,64,16,8,2945,2977
23778,Fit,8,64,64,16,32,64,16,16,2945,2977
6371,Not Fit,8,64,64,16,32,64,16,32,2957.8,2989.8
39091,Not Fit,8,64,64,16,32,64,16,8,2977,3009
5560,Not Fit,9,64,64,16,32,64,16,16,2945,2977
24337,Not Fit,8,64,64,16,32,64,16,32,2977,3009
28278,Not Fit,9,64,64,16,32,64,16,16,2945,2977
26624,Not Fit,14,64,64,16,32,64,16,8,2945,2977
7759,Not Fit,14,64,64,16,32,64,16,16,2945,2977
22219,Not Fit,14,64,64,16,32,64,16,32,2961,2993
28925,Not Fit,14,64,64,16,32,64,16,8,2977,3009
22932,Not Fit,15,64,64,16,32,64,16,16,2945,2977
7186,Not Fit,14,64,64,16,32,64,16,32,2977,3009
1842,Not Fit,15,64,64,16,32,64,16,16,2945,2977
15464,Fit,5,64,64,16,64,64,16,8,5889,5953
17538,Not Fit,5,64,64,16,64,64,16,16,5889,5953
29926,Not Fit,5,64,64,16,64,64,16,32,5889,5953
17918,Fit,5,64,64,16,64,64,16,8,5953,6017
34816,Not Fit,6,64,64,16,64,64,16,16,5889,5953
16345,Not Fit,5,64,64,16,64,64,16,32,5953,6017
11608,Not Fit,6,64,64,16,64,64,16,16,5889,5953
33797,Not Fit,8,64,64,16,64,64,16,8,5889,5953
11837,Not Fit,8,64,64,16,64,64,16,16,5889,5953
38935,Not Fit,8,64,64,16,64,64,16,32,5889,5953
41559,Not Fit,8,64,64,16,64,64,16,8,5953,6017
43257,Not Fit,9,64,64,16,64,64,16,16,5889,5953
9517,Not Fit,8,64,64,16,64,64,16,32,5953,6017
17240,Not Fit,9,64,64,16,64,64,16,16,5889,5953
12319,Not Fit,5,64,64,16,128,64,16,8,11777,11905
35402,Not Fit,5,64,64,16,128,64,16,16,11777,11905
21338,Not Fit,5,64,64,16,128,64,16,8,11905,12033
44720,Not Fit,6,64,64,16,128,64,16,16,11777,11905
25579,Not Fit,8,64,64,16,128,64,16,8,11777,11905
47820,Not Fit,8,64,64,16,128,64,16,16,11777,11905
27467,Not Fit,8,64,64,16,128,64,16,8,11905,12033
8409,Not Fit,9,64,64,16,128,64,16,16,11777,11905
14979,Not Fit,5,64,64,16,256,64,16,8,23638.3333333333,23894.3333333333
30030,Not Fit,15,64,64,32,8,64,32,32,801,809
11559,Fit,14,64,64,32,8,64,32,8,793,801
10046,Not Fit,14,64,64,32,8,64,32,16,804.2,812.2
24634,Not Fit,14,64,64,32,8,64,32,32,794.6,802.6
19239,Not Fit,14,64,64,32,8,64,32,8,801,809
25302,Not Fit,14,64,64,32,8,64,32,16,809,817
9361,Not Fit,15,64,64,32,8,64,32,32,801,809
21662,Not Fit,15,64,64,32,16,64,32,32,1601,1617
13483,Not Fit,14,64,64,32,16,64,32,8,1585,1601
44478,Not Fit,14,64,64,32,16,64,32,16,1606.33333333333,1622.33333333333
15525,Not Fit,14,64,64,32,16,64,32,32,1591.4,1607.4
17154,Not Fit,14,64,64,32,16,64,32,8,1601,1617
14750,Not Fit,14,64,64,32,16,64,32,16,1617,1633
43987,Not Fit,15,64,64,32,16,64,32,32,1601,1617
24338,Not Fit,9,64,64,32,32,64,32,32,3201,3233
12977,Not Fit,8,64,64,32,32,64,32,8,3169,3201
258,Not Fit,8,64,64,32,32,64,32,16,3211.66666666667,3243.66666666667
29004,Not Fit,8,64,64,32,32,64,32,32,3181.8,3213.8
20720,Not Fit,8,64,64,32,32,64,32,8,3201,3233
28279,Not Fit,8,64,64,32,32,64,32,16,3233,3265
7187,Not Fit,15,64,64,32,32,64,32,32,3201,3233
2434,Not Fit,14,64,64,32,32,64,32,8,3169,3201
27971,Not Fit,14,64,64,32,32,64,32,16,3217,3249
19676,Not Fit,14,64,64,32,32,64,32,32,3190.33333333333,3222.33333333333
9576,Not Fit,14,64,64,32,32,64,32,8,3201,3233
1843,Not Fit,14,64,64,32,32,64,32,16,3233,3265
27190,Not Fit,15,64,64,32,32,64,32,32,3201,3233
16344,Not Fit,6,64,64,32,64,64,32,32,6401,6465
46408,Not Fit,5,64,64,32,64,64,32,8,6337,6401
43143,Not Fit,5,64,64,32,64,64,32,16,6422.33333333333,6486.33333333333
9670,Not Fit,5,64,64,32,64,64,32,32,6337,6401
45211,Not Fit,5,64,64,32,64,64,32,8,6401,6465
11609,Not Fit,5,64,64,32,64,64,32,16,6465,6529
9516,Not Fit,9,64,64,32,64,64,32,32,6401,6465
14996,Not Fit,8,64,64,32,64,64,32,8,6337,6401
34395,Not Fit,8,64,64,32,64,64,32,16,6413.8,6477.8
16670,Not Fit,8,64,64,32,64,64,32,32,6337,6401
18370,Not Fit,8,64,64,32,64,64,32,8,6401,6465
17239,Not Fit,8,64,64,32,64,64,32,16,6465,6529
30179,Not Fit,9,64,64,32,64,64,32,32,6401,6465
48106,Not Fit,5,64,64,32,128,64,32,8,12673,12801
15422,Not Fit,5,64,64,32,128,64,32,16,12929,13057
43079,Not Fit,5,64,64,32,128,64,32,8,12801,12929
44719,Not Fit,5,64,64,32,128,64,32,16,12929,13057
1001,Not Fit,8,64,64,32,128,64,32,8,12673,12801
38283,Not Fit,8,64,64,32,128,64,32,16,12929,13057
8473,Not Fit,8,64,64,32,128,64,32,8,12801,12929
8408,Not Fit,8,64,64,32,128,64,32,16,12929,13057
33653,Not Fit,5,64,64,32,256,64,32,8,25601,25857
16242,Not Fit,15,128,128,8,8,128,8,8,1217,1225
46327,Fit,15,128,128,8,16,128,8,8,2433,2449
45767,Not Fit,15,128,128,8,32,128,8,8,4865,4897
29649,Not Fit,9,128,128,8,64,128,8,8,9729,9793
41460,Not Fit,9,128,128,8,128,128,8,8,19457,19585
12491,Not Fit,6,128,128,8,256,128,8,8,38913,39169
30276,Fit,14,128,128,16,8,128,16,8,1241,1249
47730,Fit,14,128,128,16,8,128,16,16,1249,1257
41306,Not Fit,14,128,128,16,8,128,16,32,1243.66666666667,1251.66666666667
36237,Fit,14,128,128,16,8,128,16,8,1249,1257
23965,Not Fit,15,128,128,16,8,128,16,16,1249,1257
43916,Not Fit,14,128,128,16,8,128,16,32,1249,1257
34066,Fit,15,128,128,16,8,128,16,16,1249,1257
29990,Fit,14,128,128,16,16,128,16,8,2481,2497
18705,Not Fit,14,128,128,16,16,128,16,16,2497,2513
48236,Fit,14,128,128,16,16,128,16,32,2485,2501
36595,Fit,14,128,128,16,16,128,16,8,2497,2513
43205,Fit,15,128,128,16,16,128,16,16,2497,2513
4380,Not Fit,14,128,128,16,16,128,16,32,2497,2513
39288,Not Fit,15,128,128,16,16,128,16,16,2497,2513
11029,Fit,8,128,128,16,32,128,16,8,4961,4993
49089,Fit,8,128,128,16,32,128,16,16,4993,5025
361,Not Fit,8,128,128,16,32,128,16,32,4969,5001
43501,Fit,8,128,128,16,32,128,16,8,4993,5025
20225,Not Fit,9,128,128,16,32,128,16,16,4993,5025
32583,Not Fit,8,128,128,16,32,128,16,32,4993,5025
44872,Not Fit,9,128,128,16,32,128,16,16,4993,5025
31616,Fit,14,128,128,16,32,128,16,8,4961,4993
47964,Fit,14,128,128,16,32,128,16,16,4993,5025
38025,Not Fit,14,128,128,16,32,128,16,32,4973.8,5005.8
22338,Fit,14,128,128,16,32,128,16,8,4993,5025
33722,Not Fit,15,128,128,16,32,128,16,16,4993,5025
48662,Not Fit,14,128,128,16,32,128,16,32,4993,5025
24298,Not Fit,15,128,128,16,32,128,16,16,4993,5025
29139,Fit,5,128,128,16,64,128,16,8,9921,9985
46600,Fit,5,128,128,16,64,128,16,16,9985,10049
5452,Not Fit,5,128,128,16,64,128,16,32,9946.6,10010.6
46842,Fit,5,128,128,16,64,128,16,8,9985,10049
12897,Not Fit,6,128,128,16,64,128,16,16,9985,10049
47401,Fit,8,128,128,16,64,128,16,8,9921,9985
25099,Not Fit,8,128,128,16,64,128,16,16,9985,10049
10582,Not Fit,8,128,128,16,64,128,16,32,9921,9985
6028,Not Fit,8,128,128,16,64,128,16,8,9985,10049
45862,Not Fit,9,128,128,16,64,128,16,16,9985,10049
32128,Not Fit,8,128,128,16,64,128,16,32,9985,10049
2490,Not Fit,9,128,128,16,64,128,16,16,9985,10049
49408,Not Fit,5,128,128,16,128,128,16,8,19841,19969
31115,Not Fit,5,128,128,16,128,128,16,16,19969,20097
33926,Not Fit,5,128,128,16,128,128,16,8,19969,20097
19222,Not Fit,6,128,128,16,128,128,16,16,19969,20097
45516,Fit,8,128,128,16,128,128,16,8,19841,19969
49351,Not Fit,8,128,128,16,128,128,16,16,19969,20097
19179,Not Fit,8,128,128,16,128,128,16,8,19969,20097
42094,Not Fit,9,128,128,16,128,128,16,16,19969,20097
32806,Not Fit,5,128,128,16,256,128,16,8,39809,40065
43915,Not Fit,15,128,128,32,8,128,32,32,1313,1321
44149,Fit,14,128,128,32,8,128,32,8,1313,1321
1293,Not Fit,14,128,128,32,8,128,32,16,1316.42857142857,1324.42857142857
45166,Not Fit,14,128,128,32,8,128,32,32,1313,1321
16237,Not Fit,14,128,128,32,8,128,32,8,1321,1329
34065,Fit,14,128,128,32,8,128,32,16,1321,1329
21252,Not Fit,15,128,128,32,8,128,32,32,1313,1321
4378,Not Fit,15,128,128,32,16,128,32,32,2625,2641
9789,Fit,14,128,128,32,16,128,32,8,2625,2641
42293,Not Fit,14,128,128,32,16,128,32,16,2631.4,2647.4
26698,Not Fit,14,128,128,32,16,128,32,32,2625,2641
46325,Fit,14,128,128,32,16,128,32,8,2641,2657
39287,Not Fit,14,128,128,32,16,128,32,16,2641,2657
46241,Not Fit,15,128,128,32,16,128,32,32,2625,2641
32582,Not Fit,9,128,128,32,32,128,32,32,5249,5281
34169,Fit,8,128,128,32,32,128,32,8,5249,5281
40257,Not Fit,8,128,128,32,32,128,32,16,5259.66666666667,5291.66666666667
46796,Not Fit,8,128,128,32,32,128,32,32,5249,5281
48815,Fit,8,128,128,32,32,128,32,8,5281,5313
44871,Not Fit,8,128,128,32,32,128,32,16,5281,5313
48661,Not Fit,15,128,128,32,32,128,32,32,5249,5281
18797,Not Fit,14,128,128,32,32,128,32,8,5249,5281
12926,Not Fit,14,128,128,32,32,128,32,16,5259.66666666667,5291.66666666667
42153,Not Fit,14,128,128,32,32,128,32,32,5249,5281
45763,Not Fit,14,128,128,32,32,128,32,8,5281,5313
24297,Not Fit,14,128,128,32,32,128,32,16,5281,5313
9314,Not Fit,15,128,128,32,32,128,32,32,5249,5281
6532,Fit,5,128,128,32,64,128,32,8,10497,10561
24282,Not Fit,5,128,128,32,64,128,32,16,10518.3333333333,10582.3333333333
43657,Not Fit,5,128,128,32,64,128,32,32,10497,10561
10923,Fit,5,128,128,32,64,128,32,8,10561,10625
12896,Not Fit,5,128,128,32,64,128,32,16,10561,10625
32127,Not Fit,9,128,128,32,64,128,32,32,10497,10561
47062,Fit,8,128,128,32,64,128,32,8,10497,10561
35882,Not Fit,8,128,128,32,64,128,32,16,10518.3333333333,10582.3333333333
9624,Not Fit,8,128,128,32,64,128,32,32,10497,10561
29645,Not Fit,8,128,128,32,64,128,32,8,10561,10625
2489,Not Fit,8,128,128,32,64,128,32,16,10561,10625
42409,Not Fit,9,128,128,32,64,128,32,32,10497,10561
44059,Fit,5,128,128,32,128,128,32,8,20993,21121
30101,Not Fit,5,128,128,32,128,128,32,16,21121,21249
11266,Not Fit,5,128,128,32,128,128,32,8,21121,21249
19221,Not Fit,5,128,128,32,128,128,32,16,21121,21249
26530,Not Fit,8,128,128,32,128,128,32,8,20993,21121
28638,Not Fit,8,128,128,32,128,128,32,16,21121,21249
41456,Not Fit,8,128,128,32,128,128,32,8,21121,21249
42093,Not Fit,8,128,128,32,128,128,32,16,21121,21249
12490,Not Fit,5,128,128,32,256,128,32,8,42145,42401
15385,Fit,15,512,256,8,8,512,8,8,2241,2249
15097,Fit,15,512,256,8,16,512,8,8,4481,4497
46081,Fit,15,512,256,8,32,512,8,8,8961,8993
28878,Fit,9,512,256,8,64,512,8,8,17921,17985
41917,Not Fit,9,512,256,8,128,512,8,8,35841,35969
13092,Not Fit,6,512,256,8,256,512,8,8,71681,71937
44194,Fit,14,512,512,16,8,512,16,8,4313,4321
48209,Fit,14,512,512,16,8,512,16,16,4321,4329
41531,Fit,14,512,512,16,8,512,16,32,4315.66666666667,4323.66666666667
35342,Fit,14,512,512,16,8,512,16,8,4321,4329
23273,Fit,15,512,512,16,8,512,16,16,4321,4329
44385,Not Fit,14,512,512,16,8,512,16,32,4321,4329
35059,Fit,15,512,512,16,8,512,16,16,4321,4329
30670,Fit,14,512,512,16,16,512,16,8,8625,8641
18086,Fit,14,512,512,16,16,512,16,16,8641,8657
46175,Fit,14,512,512,16,16,512,16,32,8629,8645
47241,Fit,14,512,512,16,16,512,16,8,8641,8657
28445,Fit,15,512,512,16,16,512,16,16,8641,8657
4895,Not Fit,14,512,512,16,16,512,16,32,8641,8657
39745,Not Fit,15,512,512,16,16,512,16,16,8641,8657
11760,Fit,8,512,512,16,32,512,16,8,17249,17281
44460,Fit,8,512,512,16,32,512,16,16,17281,17313
945,Not Fit,8,512,512,16,32,512,16,32,17258.1428571429,17290.1428571429
44365,Fit,8,512,512,16,32,512,16,8,17281,17313
19391,Fit,9,512,512,16,32,512,16,16,17281,17313
37006,Not Fit,8,512,512,16,32,512,16,32,17281,17313
45340,Fit,9,512,512,16,32,512,16,16,17281,17313
37958,Fit,14,512,512,16,32,512,16,8,17249,17281
2398,Fit,14,512,512,16,32,512,16,16,17281,17313
31191,Not Fit,14,512,512,16,32,512,16,32,17255.4,17287.4
23006,Fit,14,512,512,16,32,512,16,8,17281,17313
34504,Fit,15,512,512,16,32,512,16,16,17281,17313
49214,Not Fit,14,512,512,16,32,512,16,32,17281,17313
46699,Fit,15,512,512,16,32,512,16,16,17281,17313
28467,Fit,5,512,512,16,64,512,16,8,34497,34561
47368,Fit,5,512,512,16,64,512,16,16,34561,34625
6075,Not Fit,5,512,512,16,64,512,16,32,34529,34593
35141,Fit,5,512,512,16,64,512,16,8,34561,34625
2383,Not Fit,6,512,512,16,64,512,16,16,34561,34625
38565,Not Fit,5,512,512,16,64,512,16,32,34561,34625
48091,Not Fit,6,512,512,16,64,512,16,16,34561,34625
46999,Fit,8,512,512,16,64,512,16,8,34497,34561
24439,Not Fit,8,512,512,16,64,512,16,16,34561,34625
49274,Not Fit,8,512,512,16,64,512,16,32,34518.3333333333,34582.3333333333
5277,Fit,8,512,512,16,64,512,16,8,34561,34625
46129,Not Fit,9,512,512,16,64,512,16,16,34561,34625
31452,Not Fit,8,512,512,16,64,512,16,32,34561,34625
3181,Not Fit,9,512,512,16,64,512,16,16,34561,34625
43797,Fit,5,512,512,16,128,512,16,8,68993,69121
30235,Not Fit,5,512,512,16,128,512,16,16,69121,69249
34749,Not Fit,5,512,512,16,128,512,16,8,69121,69249
9250,Not Fit,6,512,512,16,128,512,16,16,69121,69249
45933,Fit,8,512,512,16,128,512,16,8,68993,69121
44274,Not Fit,8,512,512,16,128,512,16,16,69121,69249
20094,Not Fit,8,512,512,16,128,512,16,8,69121,69249
42746,Not Fit,9,512,512,16,128,512,16,16,69121,69249
33480,Not Fit,5,512,512,16,256,512,16,8,138155.666666667,138411.666666667
44384,Not Fit,15,512,512,32,8,512,32,32,4385,4393
44614,Fit,14,512,512,32,8,512,32,8,4377,4385
1909,Fit,14,512,512,32,8,512,32,16,4379.28571428571,4387.28571428571
49549,Fit,14,512,512,32,8,512,32,32,4385,4393
15386,Fit,14,512,512,32,8,512,32,8,4385,4393
35058,Fit,14,512,512,32,8,512,32,16,4385,4393
20749,Not Fit,15,512,512,32,8,512,32,32,4385,4393
4894,Not Fit,15,512,512,32,16,512,32,32,8769,8785
10439,Fit,14,512,512,32,16,512,32,8,8753,8769
42924,Fit,14,512,512,32,16,512,32,16,8758.33333333333,8774.33333333333
26161,Not Fit,14,512,512,32,16,512,32,32,8769,8785
15098,Fit,14,512,512,32,16,512,32,8,8769,8785
39744,Not Fit,14,512,512,32,16,512,32,16,8769,8785
14957,Not Fit,15,512,512,32,16,512,32,32,8769,8785
37005,Not Fit,9,512,512,32,32,512,32,32,17537,17569
34962,Fit,8,512,512,32,32,512,32,8,17505,17537
40992,Fit,8,512,512,32,32,512,32,16,17515.6666666667,17547.6666666667
47158,Not Fit,8,512,512,32,32,512,32,32,17537,17569
49323,Fit,8,512,512,32,32,512,32,8,17537,17569
45339,Fit,8,512,512,32,32,512,32,16,17537,17569
49213,Not Fit,15,512,512,32,32,512,32,32,17537,17569
18192,Fit,14,512,512,32,32,512,32,8,17505,17537
12238,Fit,14,512,512,32,32,512,32,16,17515.6666666667,17547.6666666667
42765,Not Fit,14,512,512,32,32,512,32,32,17537,17569
46082,Fit,14,512,512,32,32,512,32,8,17537,17569
46698,Fit,14,512,512,32,32,512,32,16,17537,17569
10071,Not Fit,15,512,512,32,32,512,32,32,17537,17569
38564,Not Fit,6,512,512,32,64,512,32,32,35073,35137
5800,Fit,5,512,512,32,64,512,32,8,35009,35073
23683,Not Fit,5,512,512,32,64,512,32,16,35030.3333333333,35094.3333333333
43289,Not Fit,5,512,512,32,64,512,32,32,35073,35137
11663,Fit,5,512,512,32,64,512,32,8,35073,35137
48090,Not Fit,5,512,512,32,64,512,32,16,35073,35137
31451,Not Fit,9,512,512,32,64,512,32,32,35073,35137
47534,Fit,8,512,512,32,64,512,32,8,35009,35073
46889,Fit,8,512,512,32,64,512,32,16,35041,35105
10383,Not Fit,8,512,512,32,64,512,32,32,35073,35137
28879,Fit,8,512,512,32,64,512,32,8,35073,35137
3180,Not Fit,8,512,512,32,64,512,32,16,35073,35137
43024,Not Fit,9,512,512,32,64,512,32,32,35073,35137
44562,Fit,5,512,512,32,128,512,32,8,70017,70145
40720,Not Fit,5,512,512,32,128,512,32,16,70081,70209
12052,Not Fit,5,512,512,32,128,512,32,8,70145,70273
9249,Not Fit,5,512,512,32,128,512,32,16,70145,70273
48075,Fit,8,512,512,32,128,512,32,8,70017,70145
39543,Not Fit,8,512,512,32,128,512,32,16,70081,70209
41918,Not Fit,8,512,512,32,128,512,32,8,70145,70273
42745,Not Fit,8,512,512,32,128,512,32,16,70145,70273
7117,Fit,5,512,512,32,256,512,32,8,140033,140289
42113,Not Fit,5,512,512,32,256,512,32,8,140033,140289
37508,Not Fit,5,512,512,32,256,512,32,8,140289,140545
26327,Not Fit,5,512,512,32,256,512,32,8,140289,140545
2367,Not Fit,5,512,512,32,256,512,32,8,140289,140545
13093,Not Fit,5,512,512,32,256,512,32,8,140289,140545
