model_number,fit_status,layer_index,reuse_factor,correct_reuse_factor_lstm_resource,n_inputs_resources,sequence_length_resource,lstm_size,bram_18k,lut,ff,dsp48e
43119,Not Fit,14,1,1,16,8,8,16,183235,39720,399
22566,Not Fit,15,2,2,8,8,8,131,79254,28834.3333333333,279.666666666667
19929,Not Fit,15,2,2,8,16,8,131,79255.6666666667,28848,280
32951,Not Fit,14,2,2,16,8,8,188,111849.5,37192,408
39435,Not Fit,14,2,2,16,8,16,489,286843,87131,1072
22565,Not Fit,14,2,2,16,8,8,188,111851.666666667,37190,408
19928,Not Fit,14,2,2,16,16,8,188,111854.2,37193,408
38236,Not Fit,15,4,4,8,8,8,75,53523.6,19831.8,152
48751,Not Fit,15,4,4,8,16,8,75,54090,19837,152
12513,Not Fit,15,4,4,8,32,8,75,51273.8333333333,19836.8333333333,152
19516,Not Fit,14,4,4,16,8,8,103,71933,23645.75,216
15735,Not Fit,14,4,4,16,8,16,261,182010,57545,560
41662,Not Fit,14,4,4,16,8,32,748,509552,155238,1632
3419,Not Fit,14,4,4,16,8,8,103,70951.6666666667,23647,216
17789,Not Fit,15,4,4,16,8,16,261,182009.833333333,57545.5,560
27405,Not Fit,14,4,4,16,16,8,103,71424,23647,216
12471,Not Fit,14,4,4,16,16,16,261,174504,57549.5,560
48750,Not Fit,14,4,4,16,16,8,103,70015.5,23647,216
25541,Not Fit,15,4,4,16,16,16,261,174504,57551,560
12512,Not Fit,14,4,4,16,32,8,103,67199.8571428571,23649.4285714286,216
38235,Not Fit,14,4,4,32,8,8,160,100004,32127,344
32045,Not Fit,14,4,4,32,16,8,160,100007,32129,344
16332,Not Fit,8,4,4,32,32,8,160,100006.666666667,32131,344
674,Not Fit,15,16,16,8,8,8,31,28343.4444444444,9925,56
2518,Not Fit,15,16,16,8,16,8,31,28364.8571428571,9927.57142857143,56
13295,Not Fit,15,16,16,8,32,8,31,28322.2105263158,9928.84210526316,56
4142,Not Fit,9,16,16,8,64,8,31,28275.7142857143,9930.78571428571,56
10281,Not Fit,9,16,16,8,128,8,31,28240,9933,56
27101,Not Fit,14,16,16,16,8,8,38,29759,11497.4,72
32999,Not Fit,14,16,16,16,8,16,91,61185.4,24328.4,176
3392,Not Fit,14,16,16,16,8,32,236,186398.666666667,66243,480
25201,Not Fit,14,16,16,16,8,8,38,29762.4,11483,72
18041,Not Fit,15,16,16,16,8,16,91,61624,24293.375,176
33553,Not Fit,14,16,16,16,8,32,236,190324,66243,480
42633,Not Fit,15,16,16,16,8,16,91,61451.2,24293.6,176
30400,Not Fit,14,16,16,16,16,8,38,29762,11500,72
2178,Not Fit,14,16,16,16,16,16,91,61197.5,24326.75,176
27553,Not Fit,14,16,16,16,16,32,236,177014.75,66244.25,480
22012,Not Fit,14,16,16,16,16,8,38,29815,11484,72
37630,Not Fit,15,16,16,16,16,16,91,61659,24294.625,176
19296,Not Fit,14,16,16,16,16,32,236,186401.666666667,66245,480
7476,Not Fit,15,16,16,16,16,16,91,61360.3333333333,24294,176
28589,Not Fit,8,16,16,16,32,8,38,29762,11502,72
44992,Not Fit,8,16,16,16,32,16,91,61174.75,24342.75,176
13449,Not Fit,8,16,16,16,32,32,236,171383,66247,480
26344,Not Fit,8,16,16,16,32,8,38,29731.5714285714,11486.5714285714,72
14689,Not Fit,9,16,16,16,32,16,91,61419,24298.125,176
22038,Not Fit,8,16,16,16,32,32,236,171383,66248.5,480
37523,Not Fit,9,16,16,16,32,16,91,61243,24297,176
43765,Not Fit,14,16,16,16,32,8,38,29762,11502.4,72
5420,Not Fit,14,16,16,16,32,16,91,61182.3333333333,24338.3333333333,176
40665,Not Fit,14,16,16,16,32,32,236,171383,66247,480
48436,Not Fit,14,16,16,16,32,8,38,29751,11487,72
40452,Not Fit,15,16,16,16,32,16,91,61360.3333333333,24298.5,176
6098,Not Fit,14,16,16,16,32,32,236,171383,66247,480
20977,Not Fit,15,16,16,16,32,16,91,61360.3333333333,24298,176
17599,Not Fit,5,16,16,16,64,8,38,29730.4444444444,11497.3333333333,72
8285,Not Fit,6,16,16,16,64,16,91,61243,24301,176
45887,Not Fit,8,16,16,16,64,8,38,29762,11504,72
8017,Not Fit,8,16,16,16,64,16,91,61243,24300.5,176
23307,Not Fit,8,16,16,16,64,8,38,29669,11488.25,72
18253,Not Fit,9,16,16,16,64,16,91,61243,24301,176
29029,Not Fit,8,16,16,16,128,8,38,29706.5,11498.5,72
33554,Not Fit,15,16,16,32,8,32,293,222824.75,78938.25,608
8183,Not Fit,14,16,16,32,8,8,53,38164,15342,104
12444,Not Fit,14,16,16,32,8,16,119,77619.3333333333,32867.8333333333,240
41954,Not Fit,14,16,16,32,8,32,293,217397.8,78939.6,608
673,Not Fit,14,16,16,32,8,8,53,38145,15327,104
42634,Not Fit,14,16,16,32,8,16,119,77891.2,32830,240
13115,Not Fit,15,16,16,32,8,32,293,203881,78939,608
19297,Not Fit,15,16,16,32,16,32,293,218902.333333333,78940,608
6056,Not Fit,14,16,16,32,16,8,53,38167,15344,104
41793,Not Fit,14,16,16,32,16,16,119,77637.5,32860,240
6852,Not Fit,14,16,16,32,16,32,293,211393.333333333,78942,608
2517,Not Fit,14,16,16,32,16,8,53,38148,15329,104
7477,Not Fit,14,16,16,32,16,16,119,77800.3333333333,32831,240
22039,Not Fit,9,16,16,32,32,32,293,203884,78943,608
9347,Not Fit,8,16,16,32,32,8,53,38167,15346,104
2325,Not Fit,8,16,16,32,32,16,119,77622.3333333333,32872.3333333333,240
37084,Not Fit,8,16,16,32,32,32,293,203884,78943,608
1957,Not Fit,8,16,16,32,32,8,53,38152.8,15331,104
37524,Not Fit,8,16,16,32,32,16,119,77683,32832.5,240
6099,Not Fit,15,16,16,32,32,32,293,203884,78943,608
21003,Not Fit,14,16,16,32,32,8,53,38167,15346,104
28859,Not Fit,14,16,16,32,32,16,119,77637.5,32861.25,240
13294,Not Fit,14,16,16,32,32,8,53,38081.3333333333,15331,104
20978,Not Fit,14,16,16,32,32,16,119,77800.3333333333,32834,240
41118,Not Fit,5,16,16,32,64,8,53,38145.875,15342.25,104
8286,Not Fit,5,16,16,32,64,16,119,77683,32833,240
7277,Not Fit,8,16,16,32,64,8,53,38167,15348.6666666667,104
46115,Not Fit,8,16,16,32,64,16,119,77683,32837,240
4141,Not Fit,8,16,16,32,64,8,53,38081.3333333333,15332,104
18254,Not Fit,8,16,16,32,64,16,119,77683,32836,240
10280,Not Fit,8,16,16,32,128,8,53,38092.3333333333,15339,104
11460,Not Fit,15,32,32,8,8,8,25,31001.8181818182,8551.90909090909,40
13548,Not Fit,15,32,32,8,16,8,25,30819.3636363636,8554.18181818182,40
2347,Not Fit,15,32,32,8,32,8,25,31423.5333333333,8556,40
15126,Not Fit,9,32,32,8,64,8,25,30988.3333333333,8558.19047619048,40
971,Not Fit,9,32,32,8,128,8,25,29936.3333333333,8560,40
42704,Not Fit,14,32,32,16,8,8,28,30181.2,9676,48
22406,Not Fit,14,32,32,16,8,16,61,55741,19532,112
7605,Not Fit,14,32,32,16,8,32,151,116279.4,44473,288
36217,Fit,14,32,32,16,8,8,28,29834.2,9661.4,48
7098,Not Fit,15,32,32,16,8,16,61,55822.8,19500.7,112
23185,Not Fit,14,32,32,16,8,32,151,117661,44426,288
27026,Not Fit,15,32,32,16,8,16,61,55806,19500.5,112
43847,Not Fit,14,32,32,16,16,8,28,29994.3333333333,9678,48
13247,Not Fit,14,32,32,16,16,16,61,55736.4,19521,112
38263,Not Fit,14,32,32,16,16,32,151,116560.5,44457,288
32562,Not Fit,14,32,32,16,16,8,28,29818,9663,48
38789,Not Fit,15,32,32,16,16,16,61,55803.6666666667,19502.75,112
12564,Not Fit,14,32,32,16,16,32,151,117109.333333333,44428,288
18573,Not Fit,15,32,32,16,16,16,61,55823.6666666667,19502,112
39078,Not Fit,8,32,32,16,32,8,28,29813,9680,48
31983,Not Fit,8,32,32,16,32,16,61,55736.4,19522.4,112
17836,Not Fit,8,32,32,16,32,32,151,116715,44449.3333333333,288
37282,Not Fit,8,32,32,16,32,8,28,30262,9665.5,48
3774,Not Fit,9,32,32,16,32,16,61,55801.8,19504.7,112
31386,Not Fit,8,32,32,16,32,32,151,116672,44430,288
26571,Not Fit,9,32,32,16,32,16,61,55873,19504.25,112
28906,Not Fit,14,32,32,16,32,8,28,29822.1428571429,9680.28571428571,48
4211,Not Fit,14,32,32,16,32,16,61,55737.6666666667,19524.6666666667,112
34421,Not Fit,14,32,32,16,32,32,151,116715,44450.3333333333,288
26659,Not Fit,14,32,32,16,32,8,28,30262,9665.5,48
30207,Not Fit,15,32,32,16,32,16,61,55843.4,19504.4,112
4856,Not Fit,14,32,32,16,32,32,151,116554.666666667,44430,288
9553,Not Fit,15,32,32,16,32,16,61,55801.8,19503.8,112
2603,Not Fit,5,32,32,16,64,8,28,29877,9682.5,48
13918,Not Fit,5,32,32,16,64,16,61,55734.5,19522.5,112
15557,Not Fit,5,32,32,16,64,8,28,29837.2,9667,48
1658,Not Fit,6,32,32,16,64,16,61,55783.6666666667,19505.6666666667,112
41629,Not Fit,8,32,32,16,64,8,28,29637,9682,48
1228,Not Fit,8,32,32,16,64,16,61,55737.6666666667,19527.6666666667,112
33755,Not Fit,8,32,32,16,64,8,28,29638,9667,48
13466,Not Fit,9,32,32,16,64,16,61,55769,19506,112
25604,Not Fit,8,32,32,16,128,8,28,29400.0769230769,9677.23076923077,48
23186,Not Fit,15,32,32,32,8,32,179,123496,48463,352
19324,Not Fit,14,32,32,32,8,8,35,31459.4,10790,64
1369,Not Fit,14,32,32,32,8,16,76,58756.6666666667,22756.6666666667,144
27684,Not Fit,14,32,32,32,8,32,179,122392.5,48493.5,352
11459,Not Fit,14,32,32,32,8,8,35,31426,10775,64
27027,Not Fit,14,32,32,32,8,16,76,58828,22737,144
1980,Not Fit,15,32,32,32,8,32,179,122766.4,48463,352
12565,Not Fit,15,32,32,32,16,32,179,122944.333333333,48466,352
17110,Not Fit,14,32,32,32,16,8,35,31445.3333333333,10792,64
45600,Not Fit,14,32,32,32,16,16,76,58760.5714285714,22759.2857142857,144
2923,Not Fit,14,32,32,32,16,32,179,122302.6,48499.2,352
13547,Not Fit,14,32,32,32,16,8,35,31232.2,10777,64
18574,Not Fit,14,32,32,32,16,16,76,58845.6666666667,22737,144
32398,Not Fit,15,32,32,32,16,32,179,122961.4,48465,352
31387,Not Fit,9,32,32,32,32,32,179,122507,48467,352
20794,Not Fit,8,32,32,32,32,8,35,31424,10794,64
8711,Not Fit,8,32,32,32,32,16,76,58761.25,22763.25,144
37881,Not Fit,8,32,32,32,32,32,179,122859,48467,352
9060,Fit,8,32,32,32,32,8,35,31429,10780.3333333333,64
26572,Not Fit,8,32,32,32,32,16,76,58895,22739.25,144
4857,Not Fit,15,32,32,32,32,32,179,122456.714285714,48467.4285714286,352
9651,Not Fit,14,32,32,32,32,8,35,31424,10794,64
24498,Not Fit,14,32,32,32,32,16,76,58758.4,22758.6,144
11864,Not Fit,14,32,32,32,32,32,179,121932,48525,352
2346,Not Fit,14,32,32,32,32,8,35,31405,10779,64
9554,Not Fit,14,32,32,32,32,16,76,58823.8,22740,144
43237,Not Fit,15,32,32,32,32,32,179,122155,48468,352
41402,Not Fit,5,32,32,32,64,8,35,31664,10796,64
36788,Not Fit,5,32,32,32,64,16,76,58756.5,22756.75,144
34619,Not Fit,5,32,32,32,64,8,35,31448.2,10781,64
1659,Not Fit,5,32,32,32,64,16,76,58805.6666666667,22741,144
18314,Not Fit,8,32,32,32,64,8,35,31424,10796,64
22272,Not Fit,8,32,32,32,64,16,76,58759.6666666667,22761.6666666667,144
15125,Not Fit,8,32,32,32,64,8,35,31606.6,10781,64
13467,Not Fit,8,32,32,32,64,16,76,58791,22740.5,144
970,Not Fit,8,32,32,32,128,8,35,30783.8333333333,10790.6666666667,64
19246,Not Fit,15,64,64,8,8,8,21,20858.3333333333,8443.66666666667,32
17160,Not Fit,15,64,64,8,16,8,21,20652,8445,32
9582,Not Fit,15,64,64,8,32,8,21,20512.6315789474,8447.42105263158,32
18376,Not Fit,9,64,64,8,64,8,21,20592.2222222222,8449.11111111111,32
8479,Not Fit,9,64,64,8,128,8,21,20546.6666666667,8451.33333333333,32
33659,Not Fit,6,64,64,8,256,8,21,19647,8453,32
36172,Fit,14,64,64,16,8,8,23,25926.6666666667,9159.33333333333,36
30800,Not Fit,14,64,64,16,8,16,47,60421,16076,80
4415,Not Fit,14,64,64,16,8,32,108,114918.6,35859.4,192
42661,Fit,14,64,64,16,8,8,23,26479,9144.4,36
5069,Not Fit,15,64,64,16,8,16,47,60579.4,16075.1,80
30037,Not Fit,14,64,64,16,8,32,108,114865,35831.5,192
25308,Not Fit,15,64,64,16,8,16,47,59695,16076,80
46036,Not Fit,14,64,64,16,16,8,23,26117.5714285714,9161.57142857143,36
21167,Fit,14,64,64,16,16,16,47,60582.4,16078,80
36508,Not Fit,14,64,64,16,16,32,108,114718.8,35847.6,192
40639,Fit,14,64,64,16,16,8,23,25941.2,9146.4,36
35615,Not Fit,15,64,64,16,16,16,47,60461.7142857143,16078,80
21670,Not Fit,14,64,64,16,16,32,108,114938.4,35833.2,192
14754,Not Fit,15,64,64,16,16,16,47,60424,16078,80
37263,Not Fit,8,64,64,16,32,8,23,26165.8,9163,36
23784,Fit,8,64,64,16,32,16,47,60512,16080,80
6377,Not Fit,8,64,64,16,32,32,108,114154.6,35855.6,192
39097,Not Fit,8,64,64,16,32,8,23,25878,9148,36
5566,Not Fit,9,64,64,16,32,16,47,59698,16080,80
24343,Not Fit,8,64,64,16,32,32,108,114402.857142857,35834,192
28283,Not Fit,9,64,64,16,32,16,47,61163.2,16080,80
26632,Not Fit,14,64,64,16,32,8,23,26522,9163.5,36
7767,Not Fit,14,64,64,16,32,16,47,60582.4,16080,80
22227,Not Fit,14,64,64,16,32,32,108,116433.5,35853.5,192
28933,Not Fit,14,64,64,16,32,8,23,26103.3333333333,9148,36
22940,Not Fit,15,64,64,16,32,16,47,61163.2,16080,80
7194,Not Fit,14,64,64,16,32,32,108,114054,35835.5,192
1847,Not Fit,15,64,64,16,32,16,47,59790.4,16080,80
15469,Fit,5,64,64,16,64,8,23,25954.6,9165,36
17543,Not Fit,5,64,64,16,64,16,47,60582.4,16082,80
29931,Not Fit,5,64,64,16,64,32,108,111695,35872,192
17923,Fit,5,64,64,16,64,8,23,25941.2,9150.4,36
34821,Not Fit,6,64,64,16,64,16,47,60512,16082,80
16347,Not Fit,5,64,64,16,64,32,108,111612,35839,192
11613,Not Fit,6,64,64,16,64,16,47,61163.2,16082,80
33803,Not Fit,8,64,64,16,64,8,23,25668.2,9165.8,36
11843,Not Fit,8,64,64,16,64,16,47,61163.2,16082,80
38939,Not Fit,8,64,64,16,64,32,108,111695,35872,192
41565,Not Fit,8,64,64,16,64,8,23,25592,9150,36
43263,Not Fit,9,64,64,16,64,16,47,61172,16082,80
9522,Not Fit,8,64,64,16,64,32,108,111612,35836,192
17244,Not Fit,9,64,64,16,64,16,47,60512,16082,80
12324,Not Fit,5,64,64,16,128,8,23,25668.6,9167,36
35407,Not Fit,5,64,64,16,128,16,47,57258,16081,80
21343,Not Fit,5,64,64,16,128,8,23,25914.6666666667,9152,36
44724,Not Fit,6,64,64,16,128,16,47,57258,16084,80
25585,Not Fit,8,64,64,16,128,8,23,26259,9167,36
47823,Not Fit,8,64,64,16,128,16,47,57258,16084,80
27473,Not Fit,8,64,64,16,128,8,23,25731.4285714286,9152,36
8411,Not Fit,9,64,64,16,128,16,47,57258,16084,80
14984,Not Fit,5,64,64,16,256,8,23,24709.6666666667,9164,36
30038,Not Fit,15,64,64,32,8,32,123,110830.666666667,38612,224
11565,Fit,14,64,64,32,8,8,26,24955.6666666667,9823,44
10051,Not Fit,14,64,64,32,8,16,54,58083.2,18655.2,96
24643,Not Fit,14,64,64,32,8,32,123,110816,38639.8,224
19245,Not Fit,14,64,64,32,8,8,26,25076,9808,44
25309,Not Fit,14,64,64,32,8,16,54,58101,18637.5,96
9369,Not Fit,15,64,64,32,8,32,123,110808.8,38611.3,224
21671,Not Fit,15,64,64,32,16,32,123,110835.8,38614.2,224
13488,Not Fit,14,64,64,32,16,8,26,24958.6666666667,9825,44
44483,Not Fit,14,64,64,32,16,16,54,58757.3333333333,18658.6666666667,96
15533,Not Fit,14,64,64,32,16,32,123,110820,38635.8,224
17159,Not Fit,14,64,64,32,16,8,26,25079,9810,44
14755,Not Fit,14,64,64,32,16,16,54,58478,18638,96
43995,Not Fit,15,64,64,32,16,32,123,110853.666666667,38613.5,224
24344,Not Fit,9,64,64,32,32,32,123,110819.571428571,38615.8571428571,224
12982,Not Fit,8,64,64,32,32,8,26,24960,9827.66666666667,44
263,Not Fit,8,64,64,32,32,16,54,58437.3333333333,18660.1666666667,96
29010,Not Fit,8,64,64,32,32,32,123,110820,38636.6,224
20725,Not Fit,8,64,64,32,32,8,26,24930,9812.5,44
28284,Not Fit,8,64,64,32,32,16,54,58858.8,18640,96
7195,Not Fit,15,64,64,32,32,32,123,110828.142857143,38615.6428571429,224
2439,Not Fit,14,64,64,32,32,8,26,24949,9827.5,44
27976,Not Fit,14,64,64,32,32,16,54,58039.5,18656.25,96
19684,Not Fit,14,64,64,32,32,32,123,110821.333333333,38628,224
9581,Not Fit,14,64,64,32,32,8,26,24833,9812,44
1848,Not Fit,14,64,64,32,32,16,54,58151.6,18641.2,96
27198,Not Fit,15,64,64,32,32,32,123,110809,38616.125,224
16348,Not Fit,6,64,64,32,64,32,123,110735,38617,224
46413,Not Fit,5,64,64,32,64,8,26,25038.6666666667,9829,44
43148,Not Fit,5,64,64,32,64,16,54,58757.3333333333,18662.6666666667,96
9675,Not Fit,5,64,64,32,64,32,123,110818,38653,224
45216,Not Fit,5,64,64,32,64,8,26,25161.8,9814.4,44
11614,Not Fit,5,64,64,32,64,16,54,58858.8,18642.6,96
9523,Not Fit,9,64,64,32,64,32,123,110735,38618.2,224
15001,Not Fit,8,64,64,32,64,8,26,25037.6,9829,44
34400,Not Fit,8,64,64,32,64,16,54,58371.6,18668.6,96
16674,Not Fit,8,64,64,32,64,32,123,110818,38653,224
18375,Not Fit,8,64,64,32,64,8,26,24930,9814.5,44
17245,Not Fit,8,64,64,32,64,16,54,58523.3333333333,18642,96
30185,Not Fit,9,64,64,32,64,32,123,110735,38617,224
48111,Not Fit,5,64,64,32,128,8,26,25042.6666666667,9832,44
15427,Not Fit,5,64,64,32,128,16,54,56848,18644,96
43084,Not Fit,5,64,64,32,128,8,26,25045,9816.33333333333,44
44725,Not Fit,5,64,64,32,128,16,54,56848,18644,96
1006,Not Fit,8,64,64,32,128,8,26,24969.2,9831,44
38288,Not Fit,8,64,64,32,128,16,54,56848,18647,96
8478,Not Fit,8,64,64,32,128,8,26,24955,9816,44
8412,Not Fit,8,64,64,32,128,16,54,56848,18642.5,96
33658,Not Fit,5,64,64,32,256,8,26,24456,9820,44
16247,Not Fit,15,128,128,8,8,8,19,18881,7680.33333333333,28
46335,Fit,15,128,128,8,16,8,19,18874.2857142857,7681.28571428571,28
45772,Not Fit,15,128,128,8,32,8,19,18861,7683.25,28
29652,Not Fit,9,128,128,8,64,8,19,18885.4,7685.7,28
41463,Not Fit,9,128,128,8,128,8,19,18882.8,7687.8,28
12496,Not Fit,6,128,128,8,256,8,19,18557.5,7689.75,28
30281,Fit,14,128,128,16,8,8,20,19906,8211,30
47739,Fit,14,128,128,16,8,16,41,40164,16507,64
41315,Not Fit,14,128,128,16,8,32,86,101162.666666667,29318,144
36245,Fit,14,128,128,16,8,8,20,19857,8195.66666666667,30
23974,Not Fit,15,128,128,16,8,16,41,40209.3333333333,16507,64
43924,Not Fit,14,128,128,16,8,32,86,101176.666666667,29297.5,144
34071,Fit,15,128,128,16,8,16,41,40209.3333333333,16507,64
29998,Fit,14,128,128,16,16,8,20,19875.6666666667,8212.33333333333,30
18713,Not Fit,14,128,128,16,16,16,41,40186.4285714286,16509,64
48243,Fit,14,128,128,16,16,32,86,99981.25,29322,144
36600,Fit,14,128,128,16,16,8,20,19860,8197.66666666667,30
43211,Fit,15,128,128,16,16,16,41,40167,16509,64
4387,Not Fit,14,128,128,16,16,32,86,101179.666666667,29300,144
39295,Not Fit,15,128,128,16,16,16,41,40212.3333333333,16509,64
11035,Fit,8,128,128,16,32,8,20,19868.7142857143,8215.42857142857,30
49093,Fit,8,128,128,16,32,16,41,40248.6,16511,64
367,Not Fit,8,128,128,16,32,32,86,101229.25,29325.625,144
43507,Fit,8,128,128,16,32,8,20,19876,8200.2,30
20231,Not Fit,9,128,128,16,32,16,41,39623,16511,64
32585,Not Fit,8,128,128,16,32,32,86,103597,29303,144
44877,Not Fit,9,128,128,16,32,16,41,40248.6,16511,64
31624,Fit,14,128,128,16,32,8,20,19859,8214,30
47972,Fit,14,128,128,16,32,16,41,39793,16511,64
38033,Not Fit,14,128,128,16,32,32,86,100116.4,29320.8,144
22343,Fit,14,128,128,16,32,8,20,19898,8200,30
33730,Not Fit,15,128,128,16,32,16,41,40212.3333333333,16511,64
48669,Not Fit,14,128,128,16,32,32,86,99971,29301.5,144
24302,Not Fit,15,128,128,16,32,16,41,40212.3333333333,16511,64
29144,Fit,5,128,128,16,64,8,20,19876.3333333333,8216.66666666667,30
46603,Fit,5,128,128,16,64,16,41,39793,16513,64
5457,Not Fit,5,128,128,16,64,32,86,98119.6,29323.4,144
46845,Fit,5,128,128,16,64,8,20,19875.2,8201.8,30
12898,Not Fit,6,128,128,16,64,16,41,40231.4210526316,16513,64
47407,Fit,8,128,128,16,64,8,20,19859,8216,30
25105,Not Fit,8,128,128,16,64,16,41,40212.3333333333,16513,64
10585,Not Fit,8,128,128,16,64,32,86,96428,29333,144
6034,Not Fit,8,128,128,16,64,8,20,19859.3333333333,8201.33333333333,30
45868,Not Fit,9,128,128,16,64,16,41,40167,16513,64
32133,Not Fit,8,128,128,16,64,32,86,99219.6666666667,29303,144
2495,Not Fit,9,128,128,16,64,16,41,40547.8,16513,64
49411,Not Fit,5,128,128,16,128,8,20,19997,8218.8,30
31120,Not Fit,5,128,128,16,128,16,41,39285,16515,64
33931,Not Fit,5,128,128,16,128,8,20,19861.3333333333,8203.33333333333,30
19226,Not Fit,6,128,128,16,128,16,41,38537,16515,64
45522,Fit,8,128,128,16,128,8,20,19729,8218,30
49355,Not Fit,8,128,128,16,128,16,41,39534.3333333333,16515,64
19185,Not Fit,8,128,128,16,128,8,20,19860.6666666667,8203,30
42099,Not Fit,9,128,128,16,128,16,41,39217,16515,64
32811,Not Fit,5,128,128,16,256,8,20,19419.8333333333,8212.83333333333,30
43925,Not Fit,15,128,128,32,8,32,93,119610.333333333,31277.5,160
44158,Fit,14,128,128,32,8,8,22,25731,9043,34
1302,Not Fit,14,128,128,32,8,16,44,50291.5714285714,17598,72
45173,Not Fit,14,128,128,32,8,32,93,119437,31277.5,160
16246,Not Fit,14,128,128,32,8,8,22,25444,9029.33333333333,34
34072,Fit,14,128,128,32,8,16,44,50717.6666666667,17579,72
21261,Not Fit,15,128,128,32,8,32,93,119511.285714286,31277.5,160
4388,Not Fit,15,128,128,32,16,32,93,119613.333333333,31279,160
9797,Fit,14,128,128,32,16,8,22,25461.5555555556,9045.44444444445,34
42301,Not Fit,14,128,128,32,16,16,44,50684.6,17600.2,72
26707,Not Fit,14,128,128,32,16,32,93,119613.333333333,31279,160
46334,Fit,14,128,128,32,16,8,22,25416,9030.5,34
39296,Not Fit,14,128,128,32,16,16,44,50720.6666666667,17582.5,72
46250,Not Fit,15,128,128,32,16,32,93,119440,31278.75,160
32586,Not Fit,9,128,128,32,32,32,93,122820,31280,160
34175,Fit,8,128,128,32,32,8,22,25462.6666666667,9048,34
40263,Not Fit,8,128,128,32,32,16,44,50634.6666666667,17605.1666666667,72
46802,Not Fit,8,128,128,32,32,32,93,119440,31281.5,160
48819,Fit,8,128,128,32,32,8,22,25173,9032,34
44878,Not Fit,8,128,128,32,32,16,44,50774,17584.8,72
48670,Not Fit,15,128,128,32,32,32,93,119212.5,31281.125,160
18805,Not Fit,14,128,128,32,32,8,22,25584.5,9047.25,34
12934,Not Fit,14,128,128,32,32,16,44,50634.6666666667,17604.6666666667,72
42159,Not Fit,14,128,128,32,32,32,93,118192,31280.6,160
45771,Not Fit,14,128,128,32,32,8,22,25468.6,9032.4,34
24303,Not Fit,14,128,128,32,32,16,44,50720.6666666667,17585,72
9322,Not Fit,15,128,128,32,32,32,93,119700,31281.125,160
6537,Fit,5,128,128,32,64,8,22,25321.4285714286,9049.85714285714,34
24287,Not Fit,5,128,128,32,64,16,44,50634.6666666667,17607.1666666667,72
43662,Not Fit,5,128,128,32,64,32,93,115106.666666667,31284,160
10925,Fit,5,128,128,32,64,8,22,25447,9035.33333333333,34
12899,Not Fit,5,128,128,32,64,16,44,50720.6666666667,17585,72
32134,Not Fit,9,128,128,32,64,32,93,115742.222222222,31283.6666666667,160
47066,Fit,8,128,128,32,64,8,22,25734,9049,34
35885,Not Fit,8,128,128,32,64,16,44,50634.6666666667,17606.6666666667,72
9630,Not Fit,8,128,128,32,64,32,93,116632,31283.8,160
29651,Not Fit,8,128,128,32,64,8,22,25444.3333333333,9034,34
2496,Not Fit,8,128,128,32,64,16,44,51214,17585.6,72
42413,Not Fit,9,128,128,32,64,32,93,116060,31282.75,160
44064,Fit,5,128,128,32,128,8,22,25218,9052,34
30103,Not Fit,5,128,128,32,128,16,44,48256,17587,72
11271,Not Fit,5,128,128,32,128,8,22,25431.2857142857,9036.85714285714,34
19227,Not Fit,5,128,128,32,128,16,44,48260,17589,72
26533,Not Fit,8,128,128,32,128,8,22,25464,9051.66666666667,34
28644,Not Fit,8,128,128,32,128,16,44,48256,17587,72
41462,Not Fit,8,128,128,32,128,8,22,25449,9037.33333333333,34
42100,Not Fit,8,128,128,32,128,16,44,50456,17587,72
12495,Not Fit,5,128,128,32,256,8,22,24868.625,9044.375,34
15395,Fit,15,512,256,8,8,8,21,20956.0769230769,8510.53846153846,26
15103,Fit,15,512,256,8,16,8,21,20918.5714285714,8511.85714285714,26
46090,Fit,15,512,256,8,32,8,21,20948.75,8514.25,26
28885,Fit,9,512,256,8,64,8,21,20961.1111111111,8516.11111111111,26
41924,Not Fit,9,512,256,8,128,8,21,20987.4782608696,8518.13043478261,26
13098,Not Fit,6,512,256,8,256,8,21,20800,8520,26
44201,Fit,14,512,512,16,8,8,21,21120.5,8658.5,26
48218,Fit,14,512,512,16,8,16,37,35388,14581,52
41540,Fit,14,512,512,16,8,32,73,75851.6666666667,32795.1666666667,108
35351,Fit,14,512,512,16,8,8,21,21110.3333333333,8644.33333333333,26
23282,Fit,15,512,512,16,8,16,37,35401.6666666667,14581.1666666667,52
44393,Not Fit,14,512,512,16,8,32,73,76221,32775,108
35064,Fit,15,512,512,16,8,16,37,35401.3333333333,14581,52
30678,Fit,14,512,512,16,16,8,21,21129.6666666667,8661.33333333333,26
18095,Fit,14,512,512,16,16,16,37,35415,14583,52
46182,Fit,14,512,512,16,16,32,73,76182.25,32800.25,108
47248,Fit,14,512,512,16,16,8,21,21039.5,8646.5,26
28451,Fit,15,512,512,16,16,16,37,35404.3333333333,14583,52
4903,Not Fit,14,512,512,16,16,32,73,75868.6666666667,32777,108
39753,Not Fit,15,512,512,16,16,16,37,35404.3333333333,14583,52
11766,Fit,8,512,512,16,32,8,21,21125.5714285714,8662.28571428571,26
44464,Fit,8,512,512,16,32,16,37,35391,14585,52
951,Not Fit,8,512,512,16,32,32,73,75685.2857142857,32800.7142857143,108
44371,Fit,8,512,512,16,32,8,21,21038.5,8647.5,26
19397,Fit,9,512,512,16,32,16,37,35466,14585,52
37008,Not Fit,8,512,512,16,32,32,73,74586,32779,108
45345,Fit,9,512,512,16,32,16,37,35404.3333333333,14585,52
37966,Fit,14,512,512,16,32,8,21,21169.8,8664,26
2403,Fit,14,512,512,16,32,16,37,35404.3333333333,14585,52
31199,Not Fit,14,512,512,16,32,32,73,75879.6,32803.2,108
23011,Fit,14,512,512,16,32,8,21,21130,8649,26
34513,Fit,15,512,512,16,32,16,37,35404.6666666667,14585.1666666667,52
49221,Not Fit,14,512,512,16,32,32,73,75896.4,32779,108
46704,Fit,15,512,512,16,32,16,37,35391,14585,52
28472,Fit,5,512,512,16,64,8,21,21130,8665.66666666667,26
47371,Fit,5,512,512,16,64,16,37,35541,14587,52
6080,Not Fit,5,512,512,16,64,32,73,75199.5,32796.5,108
35143,Fit,5,512,512,16,64,8,21,21112.6666666667,8649.66666666667,26
2388,Not Fit,6,512,512,16,64,16,37,35333.8571428571,14587,52
38566,Not Fit,5,512,512,16,64,32,73,75158,32781,108
48095,Not Fit,6,512,512,16,64,16,37,35391,14587,52
47005,Fit,8,512,512,16,64,8,21,21124,8665,26
24445,Not Fit,8,512,512,16,64,16,37,35404.3333333333,14587,52
49280,Not Fit,8,512,512,16,64,32,73,75022.6666666667,32801.6666666667,108
5283,Fit,8,512,512,16,64,8,21,21113.6666666667,8650.66666666667,26
46135,Not Fit,9,512,512,16,64,16,37,35391,14587,52
31457,Not Fit,8,512,512,16,64,32,73,75348.6666666667,32781,108
3186,Not Fit,9,512,512,16,64,16,37,35503,14587,52
43800,Fit,5,512,512,16,128,8,21,21126.5,8667.5,26
30240,Not Fit,5,512,512,16,128,16,37,35133,14589,52
34754,Not Fit,5,512,512,16,128,8,21,21115,8652,26
9254,Not Fit,6,512,512,16,128,16,37,35101.5714285714,14589,52
45939,Fit,8,512,512,16,128,8,21,21081,8666,26
44278,Not Fit,8,512,512,16,128,16,37,35059.6666666667,14589,52
20100,Not Fit,8,512,512,16,128,8,21,21263.5,8652.5,26
42751,Not Fit,9,512,512,16,128,16,37,35164.7142857143,14589.1428571429,52
33485,Not Fit,5,512,512,16,256,8,21,20976.3333333333,8659.66666666667,26
44394,Not Fit,15,512,512,32,8,32,75,77345,25849,112
44623,Fit,14,512,512,32,8,8,21,20515.5,8506.5,27
1918,Fit,14,512,512,32,8,16,38,36517.2857142857,15059.2857142857,54
49556,Fit,14,512,512,32,8,32,75,76971,25849,112
15394,Fit,14,512,512,32,8,8,21,20410.7142857143,8491.14285714286,27
35065,Fit,14,512,512,32,8,16,38,36510,15037.6666666667,54
20758,Not Fit,15,512,512,32,8,32,75,76640.7142857143,25848.5714285714,112
4904,Not Fit,15,512,512,32,16,32,75,76883.3333333333,25851,112
10447,Fit,14,512,512,32,16,8,21,20473,8508,27
42933,Fit,14,512,512,32,16,16,38,36425.6666666667,15059.6666666667,54
26170,Not Fit,14,512,512,32,16,32,75,76883.3333333333,25850.5,112
15102,Fit,14,512,512,32,16,8,21,20419.3333333333,8492.66666666667,27
39754,Not Fit,14,512,512,32,16,16,38,36511.6666666667,15039.5,54
14963,Not Fit,15,512,512,32,16,32,75,76883.3333333333,25851,112
37009,Not Fit,9,512,512,32,32,32,75,75206,25853,112
34968,Fit,8,512,512,32,32,8,21,20495.8,8510.6,27
40998,Fit,8,512,512,32,32,16,38,36425.6666666667,15061.6666666667,54
47164,Not Fit,8,512,512,32,32,32,75,76838,25852.25,112
49326,Fit,8,512,512,32,32,8,21,20428.4,8495.2,27
45346,Fit,8,512,512,32,32,16,38,36511.6666666667,15041,54
49222,Not Fit,15,512,512,32,32,32,75,76894,25852.4705882353,112
18200,Fit,14,512,512,32,32,8,21,20472.75,8509.75,27
12246,Fit,14,512,512,32,32,16,38,36425.6666666667,15062.1666666667,54
42771,Not Fit,14,512,512,32,32,32,75,76883.3333333333,25853,112
46089,Fit,14,512,512,32,32,8,21,20428.4,8495.2,27
46705,Fit,14,512,512,32,32,16,38,36493,15042,54
10079,Not Fit,15,512,512,32,32,32,75,76883.3333333333,25853,112
38567,Not Fit,6,512,512,32,64,32,75,75954,25855,112
5805,Fit,5,512,512,32,64,8,21,20482.7142857143,8511.85714285714,27
23688,Not Fit,5,512,512,32,64,16,38,36425.6666666667,15064.6666666667,54
43294,Not Fit,5,512,512,32,64,32,75,75704.6666666667,25854,112
11664,Fit,5,512,512,32,64,8,21,20419.3333333333,8496.66666666667,27
48096,Not Fit,5,512,512,32,64,16,38,36493,15044,54
31458,Not Fit,9,512,512,32,64,32,75,76022,25853.9090909091,112
47538,Fit,8,512,512,32,64,8,21,20555,8511,27
46893,Fit,8,512,512,32,64,16,38,36274.5,15058.75,54
10389,Not Fit,8,512,512,32,64,32,75,76103.6,25854.4,112
28884,Fit,8,512,512,32,64,8,21,20419.6666666667,8497,27
3187,Not Fit,8,512,512,32,64,16,38,36649.8,15044,54
43028,Not Fit,9,512,512,32,64,32,75,76203.3333333333,25855,112
44567,Fit,5,512,512,32,128,8,21,20364,8514,27
40722,Not Fit,5,512,512,32,128,16,38,36096.5,15061.5,54
12056,Not Fit,5,512,512,32,128,8,21,20415.1428571429,8498.57142857143,27
9255,Not Fit,5,512,512,32,128,16,38,36028.3333333333,15046,54
48079,Fit,8,512,512,32,128,8,21,20430.5,8514.5,27
39549,Not Fit,8,512,512,32,128,16,38,36096.5,15060,54
41923,Not Fit,8,512,512,32,128,8,21,20422.3333333333,8499.66666666667,27
42752,Not Fit,8,512,512,32,128,16,38,36131,15045.25,54
7119,Fit,5,512,512,32,256,8,21,20406,8515,27
42118,Not Fit,5,512,512,32,256,8,21,20406,8515,27
37510,Not Fit,5,512,512,32,256,8,21,20029,8502,27
26329,Not Fit,5,512,512,32,256,8,21,20381,8502,27
2371,Not Fit,5,512,512,32,256,8,21,20029,8502,27
13097,Not Fit,5,512,512,32,256,8,21,20379,8500,27
